"Qty";"Value";"Device";"Package";"Parts";"Description";"MF";"MPN";"OC_FARNELL";"OC_NEWARK";"TP";"TP_SIGNAL_NAME";"VALUE";
"2";"";"2081-1132";"12-PIN";"1, 2";"WAGO SREW CLAMP";"";"";"";"";"";"";"";
"2";"";"78LXXSOT89_ROUND";"SOT89_ROUND";"IC2, IC9";"";"";"";"";"";"";"";"";
"1";"";"CON_BMWV2";"24-PIN_V2";"X1";"BMW CONNECTOR";"";"";"";"";"";"";"";
"4";"";"JP2EJP2_SMALLPADS";"JP2_SMALLPADS";"JP1, JP2, JP3, JP4";"JUMPER";"";"";"";"";"";"";"";
"6";"";"LEDLD260";"LD260";"LED1, LED2, LED3, LED4, LED6, LED7";"LED";"";"";"";"";"";"";"";
"4";"";"PNP-TRANSISTOR_SOT89";"SOT89";"Q1, Q2, Q7, Q8";"PNP TRANSISTOR";"";"";"";"";"";"";"";
"1";"(1000)";"SMD-RES-100R-5%-1/8W(0805)";"R0805";"R11";"301010319";"";"RC0805JR-07100RL";"";"";"";"";"100R";
"1";"(1002)";"SMD-RES-4.7K-5%-1/8W(0805)";"R0805";"R35";"301010306";"";"RC0805JR-074K7L";"";"";"";"";"4.7K";
"1";"(101)";"SMD-RES-100R-5%-1/8W(0805)";"R0805";"R4";"301010319";"";"RC0805JR-07100RL";"";"";"";"";"100R";
"1";"(101)";"SMD-RES-2.2K-5%-1/8W(0805)";"R0805";"R14";"301010333";"";"RC0805JR-072K2L";"";"";"";"";"2.2K";
"1";"100";"SMD-RES-2.2K-5%-1/8W(0805)";"R0805";"R7";"301010333";"";"RC0805JR-072K2L";"";"";"";"";"2.2K";
"1";"100";"SMD-RES-220R-5%-1/8W(0805)";"R0805";"R3";"301010315";"";"RC0805JR-07220RL";"";"";"";"";"220R";
"5";"1002";"SMD-RES-10K-1%-1/8W(0805)";"R0805";"R2, R5, R16, R19, R42";"301010361";"";"RC0805FR-0710KL";"";"";"";"";"10K";
"6";"100nF";"CERAMIC-100NF-50V-10%-X7R(0805)";"C0805";"C4, C5, C7, C9, C10, C11";"302010165";"";"CC0805KRX7R9BB104";"";"";"";"";"100nf";
"2";"100u";"CERAMIC-100UF-6.3V-20%-X5R(1206)";"C1206";"C2, C3";"302010183";"";"GRM31CR60J107ME39L";"";"";"";"";"100uf";
"5";"102";"SMD-RES-1K-5%-1/8W(0805)";"R0805";"R13, R38, R43, R45, R46";"301010311";"";"RC0805JR-071KL";"";"";"";"";"1K";
"7";"104";"SMD-RES-10K-1%-1/8W(0805)";"R0805";"R10, R12, R22, R24, R29, R30, R31";"301010361";"";"RC0805FR-0710KL";"";"";"";"";"10K";
"3";"13";"SMD-RES-13R-5%-1/4W(1206)";"R1206";"R18, R20, R21";"301010405";"";"RC1206JR-0713RL";"";"";"";"";"13R";
"2";"1502";"SMD-RES-10K-1%-1/8W(0805)";"R0805";"R6, R15";"301010361";"";"RC0805FR-0710KL";"";"";"";"";"10K";
"6";"1N4007";"DIODE-GEN-PURPOSE-1KV-1A(DO-214AC)";"DO-214AC";"D1, D3, D8, D10, D11, D15";"304010013";"";"1N4007";"";"";"";"";"1N4007";
"4";"1N4007";"DIODE-GEN-PURPOSE-1KV-1A(DO-214AC)DO-214AC/1206";"DO-214AC-1206MOUNT";"D2, D12, D13, D14";"304010013";"";"";"";"";"";"";"";
"1";"2.2nF";"CERAMIC-100NF-50V-10%-X7R(0805)";"C0805";"C1";"302010165";"";"CC0805KRX7R9BB104";"";"";"";"";"100nf";
"1";"22-23-2021";"22-23-2021";"22-23-2021";"X2";".100" (2.54mm) Center Header - 2 Pin";"MOLEX";"22-23-2021";"1462926";"25C3832";"";"";"";
"1";"22-23-2051";"22-23-2051";"22-23-2051";"X3";".100" (2.54mm) Center Header - 5 Pin";"MOLEX";"22-23-2051";"1462952";"38C9178";"";"";"";
"2";"2201";"SMD-RES-2.2K-5%-1/8W(0805)";"R0805";"R17, R23";"301010333";"";"RC0805JR-072K2L";"";"";"";"";"2.2K";
"1";"2702";"SMD-RES-10K-1%-1/8W(0805)";"R0805";"R33";"301010361";"";"RC0805FR-0710KL";"";"";"";"";"10K";
"3";"2702";"SMD-RES-4.7K-5%-1/8W(0805)";"R0805";"R8, R25, R44";"301010306";"";"RC0805JR-074K7L";"";"";"";"";"4.7K";
"1";"2702/1502";"SMD-RES-4.7K-5%-1/8W(0805)";"R0805";"R34";"301010306";"";"RC0805JR-074K7L";"";"";"";"";"4.7K";
"1";"317TO202H_NOHOLE";"317TO202H_NOHOLE";"TO220H_NOHOLE";"IC4";"Positive VOLTAGE REGULATOR";"";"";"";"";"";"";"";
"1";"4.7u";"CERAMIC-4.7UF-25V-10%-X5R(0805)";"C0805";"C8";"302010146";"";"CC0805KKX5R8BB475";"";"";"";"";"4.7uf";
"1";"4028";"4028D";"SO16";"IC3";"BCD to decimal DECODER";"";"";"";"";"";"";"";
"1";"4538";"4538D";"SO16";"IC8";"Dual precision monostable MULTIVIBRATOR";"";"";"";"";"";"";"";
"4";"47";"R-EU_V235/17_1MM";"V235/17_1MM";"R27, R28, R36, R37";"RESISTOR, European symbol";"";"";"";"";"";"";"";
"3";"4701";"SMD-RES-4.7K-5%-1/8W(0805)";"R0805";"R1, R9, R32";"301010306";"";"RC0805JR-074K7L";"";"";"";"";"4.7K";
"1";"555";"NE555D";"SO08";"IC5";"TIMER";"";"";"";"";"";"";"";
"1";"6V pos";"78LXX";"78LXX";"IC1";"VOLTAGE REGULATOR";"";"";"";"";"";"";"";
"2";"J1";"SMD-MOSFET-N-CH-50V-200MA-BSS138W-7-F(SOT-23)";"SOT-23";"Q10, Q11";"305030000";"";"BSS138W-7-F";"";"";"";"";"BSS138W-7-F";
"1";"JP2E_ORIG";"JP2E_ORIG";"JP2_ORIG_SMALLPADS";"U$2";"";"";"";"";"";"";"";"";
"1";"LM2904";"LM358D";"SO08";"IC10";"OP AMP also LM158; LM258; LM2904";"";"";"";"";"";"";"";
"1";"LM339";"LM339D";"SO14";"IC7";"Low Power Low Offset Voltage Quad Comparators";"";"";"";"";"";"";"";
"1";"MY";"NPN-TRANSISTOR_SOT89";"SOT89";"Q9";"NPN TRANSISTOR";"";"";"";"";"";"";"";
"1";"NUP4304SOT457_R";"NUP4304SOT457_R";"SOT457R_PHILIPS";"U$3";"";"";"";"";"";"";"";"";
"1";"SM6T";"SM6T";"DO214AA";"D4";"Z DIODE";"";"";"";"";"";"";"";
"1";"TPSB1,27";"TPSB1,27";"B1,27";"TP24";"TEST PIN";"";"";"";"";"";"";"";
"25";"TPSB2.0";"TPSB2.0";"B2.0";"6V, 10V, START, TP1, TP2, TP3, TP4, TP5, TP6, TP7, TP8, TP9, TP10, TP11, TP12, TP13, TP16, TP17, TP18, TP19, TP21, TP22, TP23, TP25, TP26";"TEST PIN";"";"";"";"";"";"";"";
"1";"ULN2004";"ULN2004AD";"SO16";"IC6";"DRIVER ARRAY";"";"";"";"";"";"";"";
