"Designator","NozzleNum","StackNum","Mid X","Mid Y","Rotation","Height","Speed","Vision","Pressure","Explanation"
""
"C2","2","B2","-33.56","92.96","180.00","1.52","80","None","True","10u (C1206) {180.00}"
"D4","1","B3","-38.88","73.20","270.00","1.00","100","None","True","Zen11 (SOD-123_MINI-SMA) {270.00}"
"IC104","2","B4","-35.82","87.29","90.00","1.60","80","None","True","78L10 (SOT89_ROUND) {0.00}"
"Q103","2","B5","-16.02","61.46","0.00","1.60","80","None","True","MY (SOT89) {270.00}"
"D1","2","B6","-28.49","82.37","0.00","2.30","100","None","True","1N5817. (DO-214AC_SLIM) {0.00}"
"D109","2","B6","-13.75","93.73","0.00","2.30","100","None","True","1N5817. (DO-214AC_SLIM) {0.00}"
"D108","2","B6","-7.64","82.30","0.00","2.30","100","None","True","1N5817. (DO-214AC_SLIM) {0.00}"
"D107","2","B7","-11.72","87.36","270.00","2.30","100","None","True","1N5817 (DO-214AC_SLIM) {270.00}"
"D2","2","B7","-44.78","83.10","0.00","2.30","100","None","True","1N5817 (DO-214AC_SLIM) {0.00}"
"D110","2","B7","-35.59","36.44","270.00","2.30","100","None","True","1N5817 (DO-214AC_SLIM) {270.00}"
"D102","2","B8","-39.40","36.44","270.00","2.30","100","None","True","1N4007. (DO-214AC) {270.00}"
"D103","2","B8","-43.72","36.44","270.00","2.30","100","None","True","1N4007. (DO-214AC) {270.00}"
"D105","2","B9","-21.24","93.73","0.00","2.30","100","None","True","1N4007. (DO-214AC) {0.00}"
"D106","2","B9","-15.53","87.87","270.00","2.30","100","None","True","1N4007. (DO-214AC) {270.00}"
"D112","2","B10","-27.72","72.12","90.00","2.30","100","None","True","1N4007 (DO-214AC) {90.00}"
"IC101","2","B11","-10.19","67.81","270.00","1.65","60","Quick","True","LM2904 (SO08) {90.00}"
"IC110","2","B12","-35.47","64.12","90.00","1.65","60","Quick","True","555 (SO08) {270.00}"
"IC108","2","B14","-10.70","46.47","180.00","1.65","60","Quick","True","LM339 (SO14) {0.00}"
"IC107","2","B15","-21.88","6.23","180.00","1.65","60","Quick","True","ULN2004 (SO16) {0.00}"
"IC111","2","B16","-45.37","65.01","90.00","1.65","60","Quick","True","4538 (SO16) {270.00}"
"Q106","1","L4","-31.02","9.26","90.00","1.10","100","None","True","J1 (SOT-23) {0.00}"
"Q3","1","L4","-40.05","87.70","90.00","1.10","100","None","True","J1 (SOT-23) {0.00}"
"Q1","1","L4","-13.96","4.77","0.00","1.10","100","None","True","J1 (SOT-23) {270.00}"
"Q107","1","L4","-18.64","73.97","90.00","1.10","100","None","True","J1 (SOT-23) {0.00}"
"C109","1","L5","-31.78","73.14","270.00","0.60","100","None","True","2.2nF (C0805) {180.00}"
"C101","1","L6","-3.59","72.90","270.00","1.20","100","None","True","4.7u (C0805) {180.00}"
"C15","1","L6","-48.29","73.41","90.00","1.20","100","None","True","4.7u (C0805) {0.00}"
"C107","2","L7","-23.59","42.34","0.00","1.80","80","None","True","100u (C1206) {180.00}"
"C108","2","L7","-23.59","45.90","0.00","1.80","80","None","True","100u (C1206) {180.00}"
"R13","1","L8","-31.27","85.09","180.00","0.50","100","None","True","100 (R0805) {270.00}"
"R12","1","L8","-27.72","85.09","0.00","0.50","100","None","True","100 (R0805) {90.00}"
"R138","1","L8","-22.70","73.46","90.00","0.50","100","None","True","100 (R0805) {180.00}"
"R4","1","L8","-28.30","8.90","90.00","0.50","100","None","True","100 (R0805) {180.00}"
"R6","1","L9","-16.60","65.16","180.00","0.50","100","None","True","2201 (R0805) {270.00}"
"R133","1","L9","-17.37","37.83","0.00","0.50","100","None","True","2201 (R0805) {90.00}"
"R119","1","L9","-24.16","61.20","90.00","0.50","100","None","True","2201 (R0805) {180.00}"
"R121","1","L10","-2.83","43.80","0.00","0.50","100","None","True","1502 (R0805) {90.00}"
"R131","1","L10","-11.46","40.50","180.00","0.50","100","None","True","1502 (R0805) {270.00}"
"R134","1/2","L11","-36.86","47.11","90.00","0.60","100","None","True","13 (R1206) {270.00}"
"R106","1/2","L11","-13.24","13.96","90.00","0.60","100","None","True","13 (R1206) {270.00}"
"R102","1/2","L11","-8.92","17.51","90.00","0.60","100","None","True","13 (R1206) {270.00}"
"R9","1/2","L11","-33.90","13.90","270.00","0.60","100","None","True","13 (R1206) {90.00}"
"R5","1/2","L11","-20.80","62.00","270.00","0.60","100","None","True","13 (R1206) {90.00}"
"R116","1","L12","-15.78","68.61","270.00","0.50","100","None","True","4701 (R0805) {0.00}"
"R105","1","L12","-3.08","62.47","270.00","0.50","100","None","True","4701 (R0805) {0.00}"
"R8","1","L12","-43.58","90.23","180.00","0.50","100","None","True","4701 (R0805) {270.00}"
"R126","1","L12","-23.53","49.52","0.00","0.50","100","None","True","4701 (R0805) {90.00}"
"R115","1","L13","-14.00","52.31","0.00","0.50","100","None","True","102 (R0805) {90.00}"
"R128","1","L13","-18.07","83.68","90.00","0.50","100","None","True","102 (R0805) {180.00}"
"R101","1","L13","-9.30","3.16","270.00","0.50","100","None","True","102 (R0805) {0.00}"
"R112","1","L13","-12.73","72.90","270.00","0.50","100","None","True","102 (R0805) {0.00}"
"R108","1","L14","-9.68","72.90","270.00","0.50","100","None","True","1002 (R0805) {0.00}"
"R146","1","L14","-48.04","27.80","90.00","0.50","100","None","True","1002 (R0805) {180.00}"
"R107","1","L14","-3.59","67.30","90.00","0.50","100","None","True","1002 (R0805) {180.00}"
"R124","1","L14","-17.24","44.25","270.00","0.50","100","None","True","1002 (R0805) {0.00}"
"R120","1","L14","-28.35","48.50","180.00","0.50","100","None","True","1002 (R0805) {270.00}"
"R114","1","L14","-6.13","62.47","90.00","0.50","100","None","True","1002 (R0805) {180.00}"
"R113","1","L14","-9.18","62.47","90.00","0.50","100","None","True","1002 (R0805) {180.00}"
"R132","1","L14","-12.80","37.83","180.00","0.50","100","None","True","1002 (R0805) {270.00}"
"R117","1","L15","-15.78","72.78","90.00","0.50","100","None","True","2702 (R0805) {180.00}"
"R145","1","L15","-36.61","69.58","270.00","0.50","100","None","True","2702 (R0805) {0.00}"
"R122","1","L15","-2.83","46.34","0.00","0.50","100","None","True","2702 (R0805) {90.00}"
"R140","1","L15","-29.88","62.22","270.00","0.50","100","None","True","2702 (R0805) {0.00}"
"R123","1","L15","-2.83","51.68","180.00","0.50","100","None","True","2702 (R0805) {270.00}"
"R130","1","L16","-19.46","47.55","270.00","0.50","100","None","True","104 (R0805) {0.00}"
"R109","1","L16","-40.04","82.41","90.00","0.50","100","None","True","104 (R0805) {180.00}"
"R135","1","L16","-21.75","69.33","270.00","0.50","100","None","True","104 (R0805) {0.00}"
"R111","1","L16","-33.88","82.41","90.00","0.50","100","None","True","104 (R0805) {180.00}"
"R110","1","L16","-37.05","82.41","90.00","0.50","100","None","True","104 (R0805) {180.00}"
"R1","1","L16","-46.00","17.10","90.00","0.50","100","None","True","104 (R0805) {180.00}"
"R125","1","L16","-19.46","42.85","270.00","0.50","100","None","True","104 (R0805) {0.00}"
"R10","1","L16","-44.99","74.17","0.00","0.50","100","None","True","104 (R0805) {90.00}"
"R141","1","L16","-34.83","73.14","270.00","0.50","100","None","True","104 (R0805) {0.00}"
"R2","1","L16","-42.70","12.30","90.00","0.50","100","None","True","104 (R0805) {180.00}"
"R3","1","L16","-39.60","14.90","90.00","0.50","100","None","True","104 (R0805) {180.00}"
"C103","1","L18","-6.64","72.90","90.00","0.80","100","None","True","100nF. (C0805) {0.00}"
"C104","1","L18","-9.68","29.83","90.00","0.80","100","None","True","100nF. (C0805) {0.00}"
"C106","1","L19","-23.53","52.06","180.00","0.80","100","None","True","100nF. (C0805) {90.00}"
"C105","1","L19","-2.83","49.01","180.00","0.80","100","None","True","100nF. (C0805) {90.00}"
"C110","1","L20","-33.56","69.58","270.00","0.80","100","None","True","100nF (C0805) {180.00}"
"C102","1","L20","-41.95","72.96","90.00","0.80","100","None","True","100nF (C0805) {0.00}"
"Q101","2","L21","-3.08","23.72","270.00","1.60","80","None","True","BA. (SOT89) {180.00}"
"Q102","2","L21","-3.33","10.77","270.00","1.60","80","None","True","BA. (SOT89) {180.00}"
"Q105","2","L22","-43.21","44.80","270.00","1.60","80","None","True","BA (SOT89) {180.00}"
"Q2","2","L22","-41.46","93.57","180.00","1.60","80","None","True","BA (SOT89) {90.00}"
"Q104","2","L22","-19.46","89.06","270.00","1.60","80","None","True","BA (SOT89) {180.00}"
"IC102","2","L23","-4.10","38.36","90.00","1.60","80","None","True","78L06 (SOT89_ROUND) {0.00}"
"IC105","2","L24","-40.42","5.83","180.00","1.65","60","Quick","True","4028 (SO16) {0.00}"



Puzzle
0.00
0.00
0.00
0.00
0.00
0.00
0.00
0.00
0.00
0.00
0.00
0.00
0.00
0.00
0.00
0.00
0.00
0.00
0.00
0.00
0.00
0.00
0.00
0.00
0.00
0.00
0.00
0.00
0.00
0.00
0.00
0.00
0.00
0.00
0.00
0.00
0.00
0.00
0.00
0.00
0.00
0.00
0.00
0.00
0.00
0.00
0.00
0.00
0.00
0.00

0.00
0.00
0.00
0.00
0.00
0.00
0.00
0.00
0.00
0.00
0.00
0.00
0.00
0.00
0.00
0.00
0.00
0.00
0.00
0.00
0.00
0.00
0.00
0.00
0.00
0.00
0.00
0.00
0.00
0.00
0.00
0.00
0.00
0.00
0.00
0.00
0.00
0.00
0.00
0.00
0.00
0.00
0.00
0.00
0.00
0.00
0.00
0.00
0.00
0.00

-49.50
-49.50
-49.50
-49.50
-49.50
0.00
0.00
0.00
0.00
0.00
0.00
0.00
0.00
0.00
0.00
0.00
0.00
0.00
0.00
0.00
0.00
0.00
0.00
0.00
0.00
0.00
0.00
0.00
0.00
0.00
0.00
0.00
0.00
0.00
0.00
0.00
0.00
0.00
0.00
0.00
0.00
0.00
0.00
0.00
0.00
0.00
0.00
0.00
0.00
0.00

88.00
88.00
88.00
88.00
88.00
0.00
0.00
0.00
0.00
0.00
0.00
0.00
0.00
0.00
0.00
0.00
0.00
0.00
0.00
0.00
0.00
0.00
0.00
0.00
0.00
0.00
0.00
0.00
0.00
0.00
0.00
0.00
0.00
0.00
0.00
0.00
0.00
0.00
0.00
0.00
0.00
0.00
0.00
0.00
0.00
0.00
0.00
0.00
0.00
0.00

0.00
0.00
0.00
0.00
0.00
0.00
0.00
0.00
0.00
0.00
0.00
0.00
0.00
0.00
0.00
0.00
0.00
0.00
0.00
0.00
0.00
0.00
0.00
0.00
0.00
0.00
0.00
0.00
0.00
0.00
0.00
0.00
0.00
0.00
0.00
0.00
0.00
0.00
0.00
0.00
0.00
0.00
0.00
0.00
0.00
0.00
0.00
0.00
0.00
0.00

0.00
0.00
0.00
0.00
0.00
0.00
0.00
0.00
0.00
0.00
0.00
0.00
0.00
0.00
0.00
0.00
0.00
0.00
0.00
0.00
0.00
0.00
0.00
0.00
0.00
0.00
0.00
0.00
0.00
0.00
0.00
0.00
0.00
0.00
0.00
0.00
0.00
0.00
0.00
0.00
0.00
0.00
0.00
0.00
0.00
0.00
0.00
0.00
0.00
0.00

-5.00
-5.00
-5.00
-5.00
-5.00
0.00
0.00
0.00
0.00
0.00
0.00
0.00
0.00
0.00
0.00
0.00
0.00
0.00
0.00
0.00
0.00
0.00
0.00
0.00
0.00
0.00
0.00
0.00
0.00
0.00
0.00
0.00
0.00
0.00
0.00
0.00
0.00
0.00
0.00
0.00
0.00
0.00
0.00
0.00
0.00
0.00
0.00
0.00
0.00
0.00

5.00
5.00
5.00
5.00
5.00
0.00
0.00
0.00
0.00
0.00
0.00
0.00
0.00
0.00
0.00
0.00
0.00
0.00
0.00
0.00
0.00
0.00
0.00
0.00
0.00
0.00
0.00
0.00
0.00
0.00
0.00
0.00
0.00
0.00
0.00
0.00
0.00
0.00
0.00
0.00
0.00
0.00
0.00
0.00
0.00
0.00
0.00
0.00
0.00
0.00

Other
1.6

False
False
False
False
False
False
False
False
False
False
False
False
False
False
False
False
False
False
False
False
False
False
False
False
False
False
False
False
False
False
False
False
False
False
False
False
False
False
False
False
False
False
False
False
False
False
False
False
False
False

False
False
False
False
False
False
False
False
False
False
False
False
False
False
False
False
False
False
False
False
False
False
False
False
False
False
False
False
False
False
False
False
False
False
False
False
False
False
False
False
False
False
False
False
False
False
False
False
False
False

Mark
2
0
True
0
