Qty;Value;Device;Package;Parts;Description;MF;MPN;OC_FARNELL;OC_NEWARK;TP;TP_SIGNAL_NAME;VALUE
6;100nF;CERAMIC-100NF-50V-10%-X7R(0805);C0805;C102, C110;302010165;;CC0805KRX7R9BB104;;;;;100nf
1;2.2nF;CERAMIC-100NF-50V-10%-X7R(0805);C0805;C109;302010165;;CC0805KRX7R9BB104;;;;;100nf
2;4.7u;CERAMIC-4.7UF-25V-10%-X5R(0805);C0805;C15, C101;302010146;;CC0805KKX5R8BB475;;;;;4.7uf
2;100u;CERAMIC-100UF-6.3V-20%-X5R(1206);C1206;C107, C108;302010183;;GRM31CR60J107ME39L;;;;;100uf
1;10u;CERAMIC-100UF-6.3V-20%-X5R(1206);C1206;C2;302010183;;GRM31CR60J107ME39L;;;;;100uf
5;1N4007;DIODE-GEN-PURPOSE-1KV-1A(DO-214AC);DO-214AC;D112;304010013;;1N4007;;;;;1N4007
6;1N5817;DIODE-GEN-PURPOSE-1KV-1A(DO-214AC)DO-214AC/1206;DO-214AC_SLIM;D107, D110;304010013;;;;;;;
1;-1000;SMD-RES-100R-5%-1/8W(0805);R0805;R142;301010319;;RC0805JR-07100RL;;;;;100R
1;-1002;SMD-RES-10K-1%-1/8W(0805);R0805;R144;301010361;;RC0805FR-0710KL;;;;;10K
1;-101;SMD-RES-100R-5%-1/8W(0805);R0805;R143;301010319;;RC0805JR-07100RL;;;;;100R
3;100;SMD-RES-2.2K-5%-1/8W(0805);R0805;R12, R13, R138;301010333;;RC0805JR-072K2L;;;;;2.2K
1;100;SMD-RES-220R-5%-1/8W(0805);R0805;R4;301010315;;RC0805JR-07220RL;;;;;220R
5;1002;SMD-RES-10K-1%-1/8W(0805);R0805;R107, R108, R120, R124, R132;301010361;;RC0805FR-0710KL;;;;;10K
2;1002;SMD-RES-1K-5%-1/8W(0805);R0805;R113, R114;301010311;;RC0805JR-071KL;;;;;1K
1;1002;SMD-RES-4.7K-5%-1/8W(0805);R0805;R146;301010306;;RC0805JR-074K7L;;;;;4.7K
3;102;SMD-RES-1K-5%-1/8W(0805);R0805;R101, R112, R128;301010311;;RC0805JR-071KL;;;;;1K
1;102;SMD-RES-220R-5%-1/8W(0805);R0805;R115;301010315;;RC0805JR-07220RL;;;;;220R
10;104;SMD-RES-10K-1%-1/8W(0805);R0805;R1, R2, R3, R109, R110, R111, R125, R130, R135, R141;301010361;;RC0805FR-0710KL;;;;;10K
1;104;SMD-RES-4.7K-5%-1/8W(0805);R0805;R10;301010306;;RC0805JR-074K7L;;;;;4.7K
2;1502;SMD-RES-10K-1%-1/8W(0805);R0805;R121, R131;301010361;;RC0805FR-0710KL;;;;;10K
1;2201;SMD-RES-1K-5%-1/8W(0805);R0805;R6;301010311;;RC0805JR-071KL;;;;;1K
2;2201;SMD-RES-2.2K-5%-1/8W(0805);R0805;R119, R133;301010333;;RC0805JR-072K2L;;;;;2.2K
1;2702;SMD-RES-10K-1%-1/8W(0805);R0805;R140;301010361;;RC0805FR-0710KL;;;;;10K
4;2702;SMD-RES-4.7K-5%-1/8W(0805);R0805;R117, R122, R123, R145;301010306;;RC0805JR-074K7L;;;;;4.7K
4;4701;SMD-RES-4.7K-5%-1/8W(0805);R0805;R8, R105, R116, R126;301010306;;RC0805JR-074K7L;;;;;4.7K
4;47;R-EU_V235/17_1MM;V235/17_1MM;R127, R129, R136, R137;RESISTOR, European symbol;;;;;;;
5;13;SMD-RES-13R-5%-1/4W(1206);R1206;R5, R9, R102, R106, R134;301010405;;RC1206JR-0713RL;;;;;13R
1;555;NE555D;SO08;IC110;TIMER;;;;;;;
1;LM2904;LM358D;SO08;IC101;"OP AMP also LM158; LM258; LM2904";;;;;;;
1;LM339;LM339D;SO14;IC108;Low Power Low Offset Voltage Quad Comparators;;;;;;;
1;4028;4028D;SO16;IC105;BCD to decimal DECODER;;;;;;;
1;4538;4538D;SO16;IC111;Dual precision monostable MULTIVIBRATOR;;;;;;;
1;ULN2004;ULN2004AD;SO16;IC107;DRIVER ARRAY;;;;;;;
4;J1;SMD-MOSFET-N-CH-50V-200MA-BSS138W-7-F(SOT-23);SOT-23;Q1, Q3, Q106, Q107;305030000;;BSS138W-7-F;;;;;BSS138W-7-F
5;BA;PNP-TRANSISTOR_SOT89;SOT89;Q2, Q104, Q105;PNP TRANSISTOR;;;;;;;
1;MY;NPN-TRANSISTOR_SOT89;SOT89;Q103;NPN TRANSISTOR;;;;;;;
1;78L06;78LXXSOT89_ROUND;SOT89_ROUND;IC102;;;;;;;;
1;78L10;78LXXSOT89_ROUND;SOT89_ROUND;IC104;;;;;;;;
1;317TO202H_NOHOLE;317TO202H_NOHOLE;TO220H_NOHOLE;IC109;Positive VOLTAGE REGULATOR;;;;;;;
1;Zen15;SM6T;DO214AA;D101;Z DIODE;;;;;;;
1;SM6TDO214AA_BI;SM6TDO214AA_BI;DO214AA_BI;D104;Z DIODE;;;;;;;
1;Zen11;CGRM4001-G;SOD-123_MINI-SMA;D4;Molded plasitc,JEDEC SOD-123/Mini SMA;;;;;;;
