Part/Designator,Manufacture Part Number/Seeed SKU,Quantity
C1B,302010146,1
C2,302010183,1
C3,302010183,1
C4,302010165,1
C5,302010165,1
D1,304010013,1
D2,304010013,1
D8,304040005,1
D10,304010013,1
D11,304010013,1
D12,304010013,1
D13,304010013,1
D14,304010013,1
D15,304010013,1
Q2,305020006,1
R1,301010306,1
R2,301010361,1
R3,301010315,1
R5,301010361,1
R6,301010361,1
R7,301010104,1
R8,301010104,1
R9,301010306,1
R10,301010196,1
R12,301010196,1
R13,301010311,1
R15,301010241,1
R16,301010361,1
R17,301010333,1
R18,301010405,1
R19,301010361,1
R29,301010196,1
R30,301010196,1
R31,301010196,1
R38,301010311,1




























