"Qty";"Value";"Device";"Package";"Parts";"Description";"MF";"MPN";"OC_FARNELL";"OC_NEWARK";"T";"TP_SIGNAL_NAME";"VALUE";
"2";"";"2081-1132";"12-PIN";"1, 2";"WAGO SREW CLAMP";"";"";"";"";"";"";"";
"1";"";"CON_BMW";"24-PIN";"X1";"BMW CONNECTOR";"";"";"";"";"";"";"";
"7";"";"LEDLD260";"LD260";"LED1, LED2, LED3, LED4, LED5, LED6, LED7";"LED";"";"";"";"";"";"";"";
"5";"100k";"R-EU_R0805";"R0805";"R10, R12, R29, R30, R31";"RESISTOR, European symbol";"";"";"";"";"";"";"";
"2";"100u";"C-EUC1206K";"C1206K";"C2, C3";"CAPACITOR, European symbol";"";"";"";"";"";"";"";
"4";"10k";"R-EU_R0805";"R0805";"R2, R5, R16, R19";"RESISTOR, European symbol";"";"";"";"";"";"";"";
"1";"13";"R-EU_R1206";"R1206";"R18";"RESISTOR, European symbol";"";"";"";"";"";"";"";
"2";"15k";"R-EU_R0805";"R0805";"R6, R15";"RESISTOR, European symbol";"";"";"";"";"";"";"";
"2";"1k";"R-EU_R0805";"R0805";"R13, R38";"RESISTOR, European symbol";"";"";"";"";"";"";"";
"1";"2.2k";"R-EU_R0805";"R0805";"R17";"RESISTOR, European symbol";"";"";"";"";"";"";"";
"1";"22-23-2021";"22-23-2021";"22-23-2021";"X2";".100" (2.54mm) Center Header - 2 Pin";"MOLEX";"22-23-2021";"1462926";"25C3832";"";"";"";
"1";"22-23-2051";"22-23-2051";"22-23-2051";"X3";".100" (2.54mm) Center Header - 5 Pin";"MOLEX";"22-23-2051";"1462952";"38C9178";"";"";"";
"1";"22-27-2021-02";"22-27-2021-02";"6410-02";"J1";"CONNECTOR";"";"";"unknown";"unknown";"";"";"";
"2";"27k";"R-EU_R0805";"R0805";"R7, R8";"RESISTOR, European symbol";"";"";"";"";"";"";"";
"1";"317T";"317T";"TO220H";"IC4";"Positive VOLTAGE REGULATOR";"";"";"";"";"";"";"";
"2";"4.7k";"R-EU_R0805";"R0805";"R1, R9";"RESISTOR, European symbol";"";"";"";"";"";"";"";
"1";"4.7u";"C-EUC0805K";"C0805K";"C1B";"CAPACITOR, European symbol";"";"";"";"";"";"";"";
"1";"4028D";"4028D";"SO16";"IC3";"BCD to decimal DECODER";"";"";"";"";"";"";"";
"2";"47";"R-EU_V235/17_1MM";"V235/17_1MM";"R27, R28";"RESISTOR, European symbol";"";"";"";"";"";"";"";
"3";"470";"R-EU_R0805";"R0805";"R3, R4, R11";"RESISTOR, European symbol";"";"";"";"";"";"";"";
"2";"6.8";"R-EU_R0805";"R0805";"R40, R41";"RESISTOR, European symbol";"";"";"";"";"";"";"";
"2";"68nF";"C-EUC1206K";"C1206K";"C4, C5";"CAPACITOR, European symbol";"";"";"";"";"";"";"";
"1";"6V pos";"78LXX";"78LXX";"IC1";"VOLTAGE REGULATOR";"";"";"";"";"";"";"";
"1";"75V 150MA";"SMD-DIODE-SWITCHING-75V-150MA(D1206)";"LED-1206";"D8";"304040005";"";"CD1206-S01575";"";"";"";"";"75V 150MA";
"1";"BCP53T1";"BCP53T1";"SOT223";"Q3";"";"";"";"";"";"";"";"";
"2";"BCP53T1";"BCP53T1";"SOT223";"T13, T14";"";"";"";"";"";"BCP51";"";"";
"8";"GF1";"GF1";"SMA-DO214AC";"D1, D2, D3, D4, D5, D6, D7, D9";"DIODE";"";"";"";"";"";"";"";
"1";"LM339D";"LM339D";"SO14";"IC7";"Low Power Low Offset Voltage Quad Comparators";"";"";"";"";"";"";"";
"1";"PNP2SM8";"PNP2SM8";"SM8";"T1";"";"";"";"unknown";"unknown";"";"";"";
"1";"R_user";"R-EU_R0805";"R0805";"R39";"RESISTOR, European symbol";"";"";"";"";"";"";"";
"1";"S8550";"SMD-TRANSISTORS-PNP-25V-500MA-S8550(SOT-23)";"SOT-23";"Q2";"305020006";"";"S8550";"";"";"";"";"S8550";
"22";"TPSB1,27";"TPSB1,27";"B1,27";"TP1, TP2, TP3, TP4, TP5, TP6, TP7, TP8, TP9, TP10, TP11, TP12, TP16, TP17, TP18, TP19, TP21, TP22, TP23, TP24, TP25, TP26";"TEST PIN";"";"";"";"";"";"";"";
"2";"TPSP1_1MM";"TPSP1_1MM";"P1_1.0MM";"TACHO_BELEUCHTUNG, ZüNDSPULE";"TEST PIN";"";"";"";"";"";"";"";
"1";"ULN2004AD";"ULN2004AD";"SO16";"IC6";"DRIVER ARRAY";"";"";"";"";"";"";"";
